ADBMS & ADBMS LAB2022 BATCH
EXPERIMENT NO: 1.9 OPTIMIZING DATABASE: (Using Set, arithmetic, logical and special operators)
Assignment details
RESMI S R
•
Mar 30
----------------------------------------------------------------------------------------------------------------------------------

mysql> select*from CUSTOMER;
+-------+-------------+----------------+-------------+-----------+
| id    | Name        | Address        | City        | Ph_no     |
+-------+-------------+----------------+-------------+-----------+
| 10002 | Eswaran     | Manarassala    | Trivandram  | 964259130 |
| 10003 | Gokul       | Mandhavaadi    | Calicut     |  81698067 |
| 10004 | kumar       | kakkanadu      | Kochi       | 818037925 |
| 10005 | Ram kumar   | Iritti         | Kannur      | 731069450 |
| 10006 | Raj kumar   | Irangalakuda   | Alazhapuzha | 912559450 |
| 10007 | Vijay kumar | Waynad         | Kalpatta    | 605034891 |
| 10009 | Vishak      | Haritham villa | CALICUT     | 956321485 |
| 10010 | Madhav      | pullikalhouse  | Calicut     |      NULL |
| 11010 | Ishi Madhav | kalhouse       | Calicut     |      NULL |
+-------+-------------+----------------+-------------+-----------+
9 rows in set (0.02 sec)

*****************************************************************************************************************************************

1.      Display customer_id, city  who lives either in ‘CLT’ or in ‘TVM’

A)

mysql> SELECT id,City FROM CUSTOMER WHERE City="Calicut" OR City="Trivandrum";
+-------+---------+
| id    | City    |
+-------+---------+
| 10003 | Calicut |
| 10009 | CALICUT |
| 10010 | Calicut |
| 11010 | Calicut |
+-------+---------+
4 rows in set (0.00 sec)
********************************************************************************************************************************
2.      Display product details with an updated price amount(new price= old price+5rs)

A)

mysql> SELECT * FROM PRODUCT;
+-----+-----------------+-------+
| pid | pName           | Price |
+-----+-----------------+-------+
| 100 | DARK CHOCALATE  |   173 |
| 101 | WHITE CHOCALATE |   102 |
| 102 | PEN             |     5 |
| 103 | PENCIL          |     5 |
| 104 | RUBBER          |     3 |
| 105 | SCALE           |     4 |
| 106 | SKETCH          |    20 |
| 110 | Rice            |    60 |
+-----+-----------------+-------+
8 rows in set (0.00 sec)

mysql> UPDATE PRODUCT SET PRICE=PRICE+5;
Query OK, 8 rows affected (0.46 sec)
Rows matched: 8  Changed: 8  Warnings: 0

mysql> SELECT * FROM PRODUCT;
+-----+-----------------+-------+
| pid | pName           | Price |
+-----+-----------------+-------+
| 100 | DARK CHOCALATE  |   178 |
| 101 | WHITE CHOCALATE |   107 |
| 102 | PEN             |    10 |
| 103 | PENCIL          |    10 |
| 104 | RUBBER          |     8 |
| 105 | SCALE           |     9 |
| 106 | SKETCH          |    25 |
| 110 | Rice            |    65 |
+-----+-----------------+-------+
8 rows in set (0.00 sec)
********************************************************************************************************************************
3.      Display customer details who doesn’t have phone number and lives in ‘Calicut’ city (use logical operators)

A)

mysql> SELECT * FROM CUSTOMER WHERE Ph_no IS NULL AND City="Calicut";
+-------+-------------+---------------+---------+-------+
| id    | Name        | Address       | City    | Ph_no |
+-------+-------------+---------------+---------+-------+
| 10010 | Madhav      | pullikalhouse | Calicut |  NULL |
| 11010 | Ishi Madhav | kalhouse      | Calicut |  NULL |
+-------+-------------+---------------+---------+-------+
2 rows in set (0.00 sec)
********************************************************************************************************************************
4.      List the product names if it finds any records in the invoice items table has quantity 10 (use special operators)

A)

mysql> SELECT pName FROM PRODUCT WHERE pid IN(SELECT pid FROM Invoice1_item WHERE QUANTITY=10);
+-------+
| pName |
+-------+
| SCALE |
| PEN   |
+-------+
2 rows in set (0.00 sec)
********************************************************************************************************************************
