Experiment No: 1- Relational database design using MySQL - 
                          (1.2) DML Commands
RESMI S R
â€¢
Mar 13
1.2 DML COMMANDS 
***************************************************************************************************************************************
      a) DML COMMANDS-INSERT
---------------------------------------------------------------------------------------------------------------------------------------------
                       1.      Insert values in EMPLOYEE table.

A)
mysql>  INSERT INTO PERSON VALUES(12345,"Maanas","Kozhikode",2001,234523453);
Query OK, 1 row affected (0.05 sec)

mysql>  INSERT INTO PERSON VALUES(12346,"Vishak","Kozhikode",2000,559535262);
Query OK, 1 row affected (0.05 sec)

mysql> INSERT INTO PERSON VALUES(12347,"Aswin","Delhi",2000,875638239);
Query OK, 1 row affected (0.06 sec)

mysql>  INSERT INTO PERSON VALUES(12348,"Vishnu","Bangalore",2001,878673456);
Query OK, 1 row affected (0.45 sec)

mysql> INSERT INTO PERSON VALUES(12349,"Minhaj","Malappuram",1999,567329876);
Query OK, 1 row affected (0.04 sec)

mysql> INSERT INTO PERSON VALUES(12350,"Aaliya","Kochi",1998,656565556);
Query OK, 1 row affected (0.45 sec)

mysql> INSERT INTO PERSON VALUES(12351,"Nileena","Kannur",1998,662584355);
Query OK, 1 row affected (0.04 sec)

mysql> select*from PERSON;
+-------+---------+------------+------+-----------+
| SSN   | Name    | City       | dob  | adhar_no  |
+-------+---------+------------+------+-----------+
| 12345 | Maanas  | Kozhikode  | 2001 | 234523453 |
| 12346 | Vishak  | Kozhikode  | 2000 | 559535262 |
| 12347 | Aswin   | Delhi      | 2000 | 875638239 |
| 12348 | Vishnu  | Bangalore  | 2001 | 878673456 |
| 12349 | Minhaj  | Malappuram | 1999 | 567329876 |
| 12350 | Aaliya  | Kochi      | 1998 | 656565556 |
| 12351 | Nileena | Kannur     | 1998 | 662584355 |
+-------+---------+------------+------+-----------+
7 rows in set (0.00 sec)
********************************************************************************************************************************************

                       2.      Insert values in STUDENT table.

A)
mysql> INSERT INTO STUDENT  VALUES(12341,"Maanas","21","Palakkunnummal House","m");
Query OK, 1 row affected (0.05 sec)

mysql> INSERT INTO STUDENT  VALUES(12342,"Hari","21","Paalath House","m");
Query OK, 1 row affected (0.06 sec)

mysql> INSERT INTO STUDENT  VALUES(12343,"Aaliya","22","Cochine House","f");
Query OK, 1 row affected (0.05 sec)

mysql> INSERT INTO STUDENT  VALUES(12344,"Vishnu","22","Cine House","m");
Query OK, 1 row affected (0.06 sec)

mysql> INSERT INTO STUDENT  VALUES(12340,"Anwar","21","Shine House","m");
Query OK, 1 row affected (0.05 sec)

mysql> INSERT INTO STUDENT  VALUES(12339,"Hiba","22","Wayanad House","f");
Query OK, 1 row affected (0.06 sec)

mysql> INSERT INTO STUDENT  VALUES(12338,"Nileena","24","Kannur House","f");
Query OK, 1 row affected (0.07 sec)

mysql> select*from STUDENT;
+---------+---------+------+----------------------+--------+
| Roll_no | Name    | AGE  | Address              | Gender |
+---------+---------+------+----------------------+--------+
|   12338 | Nileena |   24 | Kannur House         | f      |
|   12339 | Hiba    |   22 | Wayanad House        | f      |
|   12340 | Anwar   |   21 | Shine House          | m      |
|   12341 | Maanas  |   21 | Palakkunnummal House | m      |
|   12342 | Hari    |   21 | Paalath House        | m      |
|   12343 | Aaliya  |   22 | Cochine House        | f      |
|   12344 | Vishnu  |   22 | Cine House           | m      |
+---------+---------+------+----------------------+--------+
7 rows in set (0.00 sec)
********************************************************************************************************************************************

                       3.      Insert values in INVOICE database. 

A)
mysql> use INVOICE1;
Reading table information for completion of table and column names
You can turn off this feature to get a quicker startup with -A

Database changed
||||||||||||||||||||||||||||||||||||||||||||||||||||||||||||||||||||||||||||||||||||||||||||||||||||||||||||||||||||||||||||||||||||||||||\
->CUSTOMER TABLE
--------------

mysql> INSERT INTO CUSTOMER VALUES (10001,"Arun","Karuvisery","Calicut",987654321);
Query OK, 1 row affected (0.06 sec)

mysql> INSERT INTO CUSTOMER VALUES (10002,"Eswaran","Manarassala","Trivandram",964259130);
Query OK, 1 row affected (0.05 sec)

mysql> INSERT INTO CUSTOMER VALUES (10003,"Gokul","Mandhavaadi","Kozhikode",81698067);
Query OK, 1 row affected (0.06 sec)

mysql> INSERT INTO CUSTOMER VALUES (10004,"kumar","kakkanadu","Kochi",818037925);
Query OK, 1 row affected (0.44 sec)

mysql> INSERT INTO CUSTOMER VALUES (10005,"Ram kumar","Iritti","Kannur",731069450);
Query OK, 1 row affected (0.05 sec)

mysql> INSERT INTO CUSTOMER VALUES (10006,"Raj kumar","Irangalakuda","Alazhapuzha",912559450);
Query OK, 1 row affected (0.07 sec)

mysql> INSERT INTO CUSTOMER VALUES (10007,"Vijay kumar","Waynad","Kalpatta",605034891);
Query OK, 1 row affected (0.04 sec)

mysql> INSERT INTO CUSTOMER(id,Name,Address,City) VALUES (10008,"Aswin","Karaparambu","Calicut");
Query OK, 1 row affected (0.46 sec)

mysql> INSERT INTO CUSTOMER(id,Name,Address,City) VALUES (10009,"Vishak","Kakkodi","Calicut");
Query OK, 1 row affected (0.06 sec)

mysql> select * from CUSTOMER;
+-------+-------------+--------------+-------------+-----------+
| id    | Name        | Address      | City        | Ph_no     |
+-------+-------------+--------------+-------------+-----------+
| 10001 | Arun        | Karuvisery   | Calicut     | 987654321 |
| 10002 | Eswaran     | Manarassala  | Trivandram  | 964259130 |
| 10003 | Gokul       | Mandhavaadi  | Kozhikode   |  81698067 |
| 10004 | kumar       | kakkanadu    | Kochi       | 818037925 |
| 10005 | Ram kumar   | Iritti       | Kannur      | 731069450 |
| 10006 | Raj kumar   | Irangalakuda | Alazhapuzha | 912559450 |
| 10007 | Vijay kumar | Waynad       | Kalpatta    | 605034891 |
| 10008 | Aswin       | Karaparambu  | Calicut     |      NULL |
| 10009 | Vishak      | Kakkodi      | Calicut     |      NULL |
+-------+-------------+--------------+-------------+-----------+
9 rows in set (0.00 sec)
|||||||||||||||||||||||||||||||||||||||||||||||||||||||||||||||||||||||||||||||||||||||||||||||||||||||||||||||||||||||||||||||||||||||
->PRODUCT TABLE
 --------------

mysql> INSERT INTO PRODUCT VALUES(100,"DARK CHOCALATE",1);
Query OK, 1 row affected (0.07 sec)

mysql> INSERT INTO PRODUCT VALUES(101,"WHITE CHOCALATE",100);
Query OK, 1 row affected (0.46 sec)

mysql> INSERT INTO PRODUCT VALUES(102,"PEN",5);
Query OK, 1 row affected (0.50 sec)

mysql> INSERT INTO PRODUCT VALUES(103,"PENCIL",5);
Query OK, 1 row affected (0.06 sec)

mysql> INSERT INTO PRODUCT VALUES(104,"RUBBER",3);
Query OK, 1 row affected (0.05 sec)

mysql> INSERT INTO PRODUCT VALUES(105,"SCALE",4);
Query OK, 1 row affected (0.06 sec)

mysql> INSERT INTO PRODUCT VALUES(106,"SKETCH",20);
Query OK, 1 row affected (0.04 sec)

mysql> select*from PRODUCT;
+-----+-----------------+-------+
| pid | pName           | Price |
+-----+-----------------+-------+
| 100 | DARK CHOCALATE  |     1 |
| 101 | WHITE CHOCALATE |   100 |
| 102 | PEN             |     5 |
| 103 | PENCIL          |     5 |
| 104 | RUBBER          |     3 |
| 105 | SCALE           |     4 |
| 106 | SKETCH          |    20 |
+-----+-----------------+-------+
7 rows in set (0.00 sec)
|||||||||||||||||||||||||||||||||||||||||||||||||||||||||||||||||||||||||||||||||||||||||||||||||||||||||||||||||||||||||||||||||||||||||
->INVOICE MASTER TABLE
 --------------

mysql> INSERT INTO  Invoice1_master VALUES(98765,10001,"2023-03-22");
Query OK, 1 row affected (0.06 sec)

mysql> INSERT INTO  Invoice1_master VALUES(98766,10005,"2023-03-23");
Query OK, 1 row affected (0.06 sec)

mysql> INSERT INTO  Invoice1_master VALUES(98776,10005,"2023-03-20");
Query OK, 1 row affected (0.47 sec)

mysql> INSERT INTO  Invoice1_master VALUES(98786,10009,"2023-03-29");
Query OK, 1 row affected (0.06 sec)

mysql> INSERT INTO  Invoice1_master VALUES(98686,10004,"2023-03-29");
Query OK, 1 row affected (0.04 sec)

mysql> INSERT INTO  Invoice1_master VALUES(98626,10002,"2023-03-25");
Query OK, 1 row affected (0.04 sec)

mysql> INSERT INTO  Invoice1_master VALUES(98666,10003,"2023-03-25");
Query OK, 1 row affected (0.04 sec)

mysql> INSERT INTO  Invoice1_master VALUES(98636,10006,"2023-03-24");
Query OK, 1 row affected (0.45 sec)

mysql> select * from  Invoice1_master;
+--------+---------+------------+
| inv_id | cust_id | inv_date   |
+--------+---------+------------+
|  98626 |   10002 | 2023-03-25 |
|  98636 |   10006 | 2023-03-24 |
|  98666 |   10003 | 2023-03-25 |
|  98686 |   10004 | 2023-03-29 |
|  98765 |   10001 | 2023-03-22 |
|  98766 |   10005 | 2023-03-23 |
|  98776 |   10005 | 2023-03-20 |
|  98786 |   10009 | 2023-03-29 |
+--------+---------+------------+
8 rows in set (0.00 sec)
|||||||||||||||||||||||||||||||||||||||||||||||||||||||||||||||||||||||||||||||||||||||||||||||||||||||||||||||||||||||||||||||||||||||||
->INVOICE ITEM TABLE
 --------------

mysql> INSERT INTO  Invoice1_item VALUES(98626,100,50);
Query OK, 1 row affected (0.05 sec)

mysql> INSERT INTO  Invoice1_item VALUES(98636,105,20);
Query OK, 1 row affected (0.45 sec)

mysql> INSERT INTO  Invoice1_item VALUES(98666,104,120);
Query OK, 1 row affected (0.05 sec)

mysql> INSERT INTO  Invoice1_item VALUES(98766,103,84);
Query OK, 1 row affected (0.03 sec)

mysql> INSERT INTO  Invoice1_item VALUES(98666,106,620);
Query OK, 1 row affected (0.07 sec)

mysql> INSERT INTO  Invoice1_item VALUES(98765,102,620);
Query OK, 1 row affected (0.06 sec)

mysql> INSERT INTO  Invoice1_item VALUES(98776,101,650);
Query OK, 1 row affected (0.05 sec)

mysql> INSERT INTO  Invoice1_item VALUES(98786,105,650);
Query OK, 1 row affected (0.05 sec)

mysql> select*from Invoice1_item;
+--------+------+----------+
| inv_id | pid  | quantity |
+--------+------+----------+
|  98626 |  100 |       50 |
|  98636 |  105 |       20 |
|  98666 |  104 |      120 |
|  98766 |  103 |       84 |
|  98666 |  106 |      620 |
|  98765 |  102 |      620 |
|  98776 |  101 |      650 |
|  98786 |  105 |      650 |
+--------+------+----------+
8 rows in set (0.00 sec)
********************************************************************************************************************************************
      b)DML COMMANDS- UPDATE
----------------------------------------------------------------------------------------------------------------------------------------
                      1. Update the price of a particular product.

A)

mysql> SELECT * FROM PRODUCT;
+-----+-----------------+-------+
| pid | pName           | Price |
+-----+-----------------+-------+
| 100 | DARK CHOCALATE  |     1 |
| 101 | WHITE CHOCALATE |   100 |
| 102 | PEN             |     5 |
| 103 | PENCIL          |     5 |
| 104 | RUBBER          |     3 |
| 105 | SCALE           |     4 |
| 106 | SKETCH          |    20 |
+-----+-----------------+-------+
7 rows in set (0.00 sec)

mysql> UPDATE PRODUCT set PRICE=170 WHERE pid=100;
Query OK, 1 row affected (0.43 sec)
Rows matched: 1  Changed: 1  Warnings: 0

mysql> SELECT * FROM PRODUCT;
+-----+-----------------+-------+
| pid | pName           | Price |
+-----+-----------------+-------+
| 100 | DARK CHOCALATE  |   170 |
| 101 | WHITE CHOCALATE |   100 |
| 102 | PEN             |     5 |
| 103 | PENCIL          |     5 |
| 104 | RUBBER          |     3 |
| 105 | SCALE           |     4 |
| 106 | SKETCH          |    20 |
+-----+-----------------+-------+
7 rows in set (0.00 sec) ********************************************************************************************************************************************
                      2. Change the name of city â€˜calicutâ€™ to â€˜kozhikodeâ€™ in the customer table. 

A)

mysql> SELECT * FROM CUSTOMER;
+-------+-------------+--------------+-------------+-----------+
| id    | Name        | Address      | City        | Ph_no     |
+-------+-------------+--------------+-------------+-----------+
| 10001 | Arun        | Karuvisery   | Calicut     | 987654321 |
| 10002 | Eswaran     | Manarassala  | Trivandram  | 964259130 |
| 10003 | Gokul       | Mandhavaadi  | Kozhikode   |  81698067 |
| 10004 | kumar       | kakkanadu    | Kochi       | 818037925 |
| 10005 | Ram kumar   | Iritti       | Kannur      | 731069450 |
| 10006 | Raj kumar   | Irangalakuda | Alazhapuzha | 912559450 |
| 10007 | Vijay kumar | Waynad       | Kalpatta    | 605034891 |
| 10008 | Aswin       | Karaparambu  | Calicut     |      NULL |
| 10009 | Vishak      | Kakkodi      | Calicut     |      NULL |
+-------+-------------+--------------+-------------+-----------+
9 rows in set (0.00 sec)

mysql> UPDATE CUSTOMER set City="Calicut" WHERE City="Kozhikode";
Query OK, 1 row affected (0.46 sec)
Rows matched: 1  Changed: 1  Warnings: 0

mysql> SELECT * FROM CUSTOMER;
+-------+-------------+--------------+-------------+-----------+
| id    | Name        | Address      | City        | Ph_no     |
+-------+-------------+--------------+-------------+-----------+
| 10001 | Arun        | Karuvisery   | Calicut     | 987654321 |
| 10002 | Eswaran     | Manarassala  | Trivandram  | 964259130 |
| 10003 | Gokul       | Mandhavaadi  | Calicut     |  81698067 |
| 10004 | kumar       | kakkanadu    | Kochi       | 818037925 |
| 10005 | Ram kumar   | Iritti       | Kannur      | 731069450 |
| 10006 | Raj kumar   | Irangalakuda | Alazhapuzha | 912559450 |
| 10007 | Vijay kumar | Waynad       | Kalpatta    | 605034891 |
| 10008 | Aswin       | Karaparambu  | Calicut     |      NULL |
| 10009 | Vishak      | Kakkodi      | Calicut     |      NULL |
+-------+-------------+--------------+-------------+-----------+
9 rows in set (0.00 sec)
********************************************************************************************************************************************
                      3. Update all prices with 2% of its original price. 

A)

mysql> SELECT * FROM PRODUCT;
+-----+-----------------+-------+
| pid | pName           | Price |
+-----+-----------------+-------+
| 100 | DARK CHOCALATE  |   170 |
| 101 | WHITE CHOCALATE |   100 |
| 102 | PEN             |     5 |
| 103 | PENCIL          |     5 |
| 104 | RUBBER          |     3 |
| 105 | SCALE           |     4 |
| 106 | SKETCH          |    20 |
+-----+-----------------+-------+
7 rows in set (0.00 sec)

mysql> UPDATE PRODUCT set Price=Price+(Price*2/100);
Query OK, 2 rows affected (0.06 sec)
Rows matched: 7  Changed: 2  Warnings: 0

mysql> SELECT * FROM PRODUCT;
+-----+-----------------+-------+
| pid | pName           | Price |
+-----+-----------------+-------+
| 100 | DARK CHOCALATE  |   173 |
| 101 | WHITE CHOCALATE |   102 |
| 102 | PEN             |     5 |
| 103 | PENCIL          |     5 |
| 104 | RUBBER          |     3 |
| 105 | SCALE           |     4 |
| 106 | SKETCH          |    20 |
+-----+-----------------+-------+
7 rows in set (0.00 sec)
********************************************************************************************************************************************
                      4. Change the address, city, phone number of a particular customer. 

A)

mysql> SELECT * FROM CUSTOMER;
+-------+-------------+--------------+-------------+-----------+
| id    | Name        | Address      | City        | Ph_no     |
+-------+-------------+--------------+-------------+-----------+
| 10001 | Arun        | Karuvisery   | Calicut     | 987654321 |
| 10002 | Eswaran     | Manarassala  | Trivandram  | 964259130 |
| 10003 | Gokul       | Mandhavaadi  | Calicut     |  81698067 |
| 10004 | kumar       | kakkanadu    | Kochi       | 818037925 |
| 10005 | Ram kumar   | Iritti       | Kannur      | 731069450 |
| 10006 | Raj kumar   | Irangalakuda | Alazhapuzha | 912559450 |
| 10007 | Vijay kumar | Waynad       | Kalpatta    | 605034891 |
| 10008 | Aswin       | Karaparambu  | Calicut     |      NULL |
| 10009 | Vishak      | Kakkodi      | Calicut     |      NULL |
+-------+-------------+--------------+-------------+-----------+
9 rows in set (0.01 sec)

mysql> UPDATE CUSTOMER SET Address="Haritham villa",Ph_no=956321485,CITY="CALICUT" WHERE id=10009;
Query OK, 1 row affected (0.06 sec)
Rows matched: 1  Changed: 1  Warnings: 0

mysql> SELECT * FROM CUSTOMER;
+-------+-------------+----------------+-------------+-----------+
| id    | Name        | Address        | City        | Ph_no     |
+-------+-------------+----------------+-------------+-----------+
| 10001 | Arun        | Karuvisery     | Calicut     | 987654321 |
| 10002 | Eswaran     | Manarassala    | Trivandram  | 964259130 |
| 10003 | Gokul       | Mandhavaadi    | Calicut     |  81698067 |
| 10004 | kumar       | kakkanadu      | Kochi       | 818037925 |
| 10005 | Ram kumar   | Iritti         | Kannur      | 731069450 |
| 10006 | Raj kumar   | Irangalakuda   | Alazhapuzha | 912559450 |
| 10007 | Vijay kumar | Waynad         | Kalpatta    | 605034891 |
| 10008 | Aswin       | Karaparambu    | Calicut     |      NULL |
| 10009 | Vishak      | Haritham villa | CALICUT     | 956321485 |
+-------+-------------+----------------+-------------+-----------+
9 rows in set (0.00 sec)
********************************************************************************************************************************************
                      5. Change the quantity of a purchased product of inv_id â€˜98626â€™

A)

mysql> SELECT * FROM Invoice1_item;
+--------+------+----------+
| inv_id | pid  | quantity |
+--------+------+----------+
|  98626 |  100 |       50 |
|  98636 |  105 |       20 |
|  98666 |  104 |      120 |
|  98766 |  103 |       84 |
|  98666 |  106 |      620 |
|  98765 |  102 |      620 |
|  98776 |  101 |      650 |
|  98786 |  105 |      650 |
+--------+------+----------+
8 rows in set (0.00 sec)

mysql> UPDATE Invoice1_item SET  quantity=5 WHERE inv_id=98626;
Query OK, 1 row affected (0.03 sec)
Rows matched: 1  Changed: 1  Warnings: 0

mysql> SELECT * FROM Invoice1_item;
+--------+------+----------+
| inv_id | pid  | quantity |
+--------+------+----------+
|  98626 |  100 |        5 |
|  98636 |  105 |       20 |
|  98666 |  104 |      120 |
|  98766 |  103 |       84 |
|  98666 |  106 |      620 |
|  98765 |  102 |      620 |
|  98776 |  101 |      650 |
|  98786 |  105 |      650 |
+--------+------+----------+
8 rows in set (0.00 sec)
********************************************************************************************************************************************
     c) DML COMMAND- DELETE
----------------------------------------------------------------------------------------------------------------------------------------
                      1. Delete the record of customer id â€˜10001â€™. 

A)

mysql> SELECT * FROM CUSTOMER;
+-------+-------------+----------------+-------------+-----------+
| id    | Name        | Address        | City        | Ph_no     |
+-------+-------------+----------------+-------------+-----------+
| 10001 | Arun        | Karuvisery     | Calicut     | 987654321 |
| 10002 | Eswaran     | Manarassala    | Trivandram  | 964259130 |
| 10003 | Gokul       | Mandhavaadi    | Calicut     |  81698067 |
| 10004 | kumar       | kakkanadu      | Kochi       | 818037925 |
| 10005 | Ram kumar   | Iritti         | Kannur      | 731069450 |
| 10006 | Raj kumar   | Irangalakuda   | Alazhapuzha | 912559450 |
| 10007 | Vijay kumar | Waynad         | Kalpatta    | 605034891 |
| 10008 | Aswin       | Karaparambu    | Calicut     |      NULL |
| 10009 | Vishak      | Haritham villa | CALICUT     | 956321485 |
+-------+-------------+----------------+-------------+-----------+
9 rows in set (0.00 sec)

mysql> DELETE FROM CUSTOMER WHERE id=10001;
Query OK, 1 row affected (0.04 sec)

mysql> SELECT * FROM CUSTOMER;
+-------+-------------+----------------+-------------+-----------+
| id    | Name        | Address        | City        | Ph_no     |
+-------+-------------+----------------+-------------+-----------+
| 10002 | Eswaran     | Manarassala    | Trivandram  | 964259130 |
| 10003 | Gokul       | Mandhavaadi    | Calicut     |  81698067 |
| 10004 | kumar       | kakkanadu      | Kochi       | 818037925 |
| 10005 | Ram kumar   | Iritti         | Kannur      | 731069450 |
| 10006 | Raj kumar   | Irangalakuda   | Alazhapuzha | 912559450 |
| 10007 | Vijay kumar | Waynad         | Kalpatta    | 605034891 |
| 10008 | Aswin       | Karaparambu    | Calicut     |      NULL |
| 10009 | Vishak      | Haritham villa | CALICUT     | 956321485 |
+-------+-------------+----------------+-------------+-----------+
8 rows in set (0.00 sec)
********************************************************************************************************************************************
                      2. Delete all purchase details of items its quantity less than 100. 

A)

mysql> SELECT * FROM Invoice1_item;
+--------+------+----------+
| inv_id | pid  | quantity |
+--------+------+----------+
|  98626 |  100 |        5 |
|  98636 |  105 |       20 |
|  98666 |  104 |      120 |
|  98766 |  103 |       84 |
|  98666 |  106 |      620 |
|  98765 |  102 |      620 |
|  98776 |  101 |      650 |
|  98786 |  105 |      650 |
+--------+------+----------+
8 rows in set (0.00 sec)

mysql> DELETE FROM Invoice1_item WHERE quantity<100;
Query OK, 3 rows affected (0.08 sec)

mysql> SELECT * FROM Invoice1_item;
+--------+------+----------+
| inv_id | pid  | quantity |
+--------+------+----------+
|  98666 |  104 |      120 |
|  98666 |  106 |      620 |
|  98765 |  102 |      620 |
|  98776 |  101 |      650 |
|  98786 |  105 |      650 |
+--------+------+----------+
5 rows in set (0.00 sec)
********************************************************************************************************************************************
                      3. Delete the purchase details of product â€˜SKETCHâ€™ in the in_id â€˜106â€™.

A)

 mysql> SELECT * FROM Invoice1_item;
+--------+------+----------+
| inv_id | pid  | quantity |
+--------+------+----------+
|  98666 |  104 |      120 |
|  98666 |  106 |      620 |
|  98765 |  102 |      620 |
|  98776 |  101 |      650 |
|  98786 |  105 |      650 |
|  98666 |  106 |      620 |
+--------+------+----------+
6 rows in set (0.00 sec)

mysql> DELETE FROM Invoice1_item WHERE inv_id=98666 AND pid=106;
Query OK, 2 rows affected (0.05 sec)

mysql> SELECT * FROM Invoice1_item;
+--------+------+----------+
| inv_id | pid  | quantity |
+--------+------+----------+
|  98666 |  104 |      120 |
|  98765 |  102 |      620 |
|  98776 |  101 |      650 |
|  98786 |  105 |      650 |
+--------+------+----------+
4 rows in set (0.00 sec)


********************************************************************************************************************************************
                      4. Delete details of employees who does not have phone number. 

A)

mysql> SELECT * FROM CUSTOMER;
+-------+-------------+----------------+-------------+-----------+
| id    | Name        | Address        | City        | Ph_no     |
+-------+-------------+----------------+-------------+-----------+
| 10002 | Eswaran     | Manarassala    | Trivandram  | 964259130 |
| 10003 | Gokul       | Mandhavaadi    | Calicut     |  81698067 |
| 10004 | kumar       | kakkanadu      | Kochi       | 818037925 |
| 10005 | Ram kumar   | Iritti         | Kannur      | 731069450 |
| 10006 | Raj kumar   | Irangalakuda   | Alazhapuzha | 912559450 |
| 10007 | Vijay kumar | Waynad         | Kalpatta    | 605034891 |
| 10008 | Aswin       | Karaparambu    | Calicut     |      NULL |
| 10009 | Vishak      | Haritham villa | CALICUT     | 956321485 |
+-------+-------------+----------------+-------------+-----------+
8 rows in set (0.00 sec)

mysql> DELETE FROM CUSTOMER  WHERE Ph_no is null;
Query OK, 1 row affected (0.12 sec)

mysql> SELECT * FROM CUSTOMER;
+-------+-------------+----------------+-------------+-----------+
| id    | Name        | Address        | City        | Ph_no     |
+-------+-------------+----------------+-------------+-----------+
| 10002 | Eswaran     | Manarassala    | Trivandram  | 964259130 |
| 10003 | Gokul       | Mandhavaadi    | Calicut     |  81698067 |
| 10004 | kumar       | kakkanadu      | Kochi       | 818037925 |
| 10005 | Ram kumar   | Iritti         | Kannur      | 731069450 |
| 10006 | Raj kumar   | Irangalakuda   | Alazhapuzha | 912559450 |
| 10007 | Vijay kumar | Waynad         | Kalpatta    | 605034891 |
| 10009 | Vishak      | Haritham villa | CALICUT     | 956321485 |
+-------+-------------+----------------+-------------+-----------+
7 rows in set (0.00 sec)


********************************************************************************************************************************************
                      5. Delete all records from STUDENT table. 

A)

mysql> SELECT*FROM STUDENT;
+---------+---------+------+----------------------+--------+
| Roll_no | Name    | AGE  | Address              | Gender |
+---------+---------+------+----------------------+--------+
|   12338 | Nileena |   24 | Kannur House         | f      |
|   12339 | Hiba    |   22 | Wayanad House        | f      |
|   12340 | Anwar   |   21 | Shine House          | m      |
|   12341 | Maanas  |   21 | Palakkunnummal House | m      |
|   12342 | Hari    |   21 | Paalath House        | m      |
|   12343 | Aaliya  |   22 | Cochine House        | f      |
|   12344 | Vishnu  |   22 | Cine House           | m      |
+---------+---------+------+----------------------+--------+
7 rows in set (0.00 sec)

mysql> delete from STUDENT;
Query OK, 7 rows affected (0.04 sec)

mysql> SELECT*FROM STUDENT;
Empty set (0.00 sec)


********************************************************************************************************************************************
                      6. Delete Invoice details of a particular customer. 

A)

mysql> SELECT*FROM Invoice1_master;
+--------+---------+------------+
| inv_id | cust_id | inv_date   |
+--------+---------+------------+
|  98626 |   10002 | 2023-03-25 |
|  98636 |   10006 | 2023-03-24 |
|  98666 |   10003 | 2023-03-25 |
|  98686 |   10004 | 2023-03-29 |
|  98765 |   10001 | 2023-03-22 |
|  98766 |   10005 | 2023-03-23 |
|  98776 |   10005 | 2023-03-20 |
|  98786 |   10009 | 2023-03-29 |
+--------+---------+------------+
8 rows in set (0.00 sec)

mysql> delete from Invoice1_master where cust_id=10002;
Query OK, 1 row affected (0.05 sec)

mysql> SELECT*FROM Invoice1_master;
+--------+---------+------------+
| inv_id | cust_id | inv_date   |
+--------+---------+------------+
|  98636 |   10006 | 2023-03-24 |
|  98666 |   10003 | 2023-03-25 |
|  98686 |   10004 | 2023-03-29 |
|  98765 |   10001 | 2023-03-22 |
|  98766 |   10005 | 2023-03-23 |
|  98776 |   10005 | 2023-03-20 |
|  98786 |   10009 | 2023-03-29 |
+--------+---------+------------+
7 rows in set (0.00 sec)


********************************************************************************************************************************************
                      7. Delete the first two records of INVOICE_ITEM table its purchase quantity is high.7

A)

mysql> SELECT*FROM Invoice1_item;
+--------+------+----------+
| inv_id | pid  | quantity |
+--------+------+----------+
|  98666 |  104 |      120 |
|  98765 |  102 |      620 |
|  98776 |  101 |      650 |
|  98786 |  105 |      650 |
+--------+------+----------+
4 rows in set (0.00 sec)

mysql>  DELETE FROM Invoice1_item ORDER BY quantity DESC LIMIT 2;
Query OK, 2 rows affected (0.03 sec)

mysql> SELECT*FROM Invoice1_item;
+--------+------+----------+
| inv_id | pid  | quantity |
+--------+------+----------+
|  98666 |  104 |      120 |
|  98765 |  102 |      620 |
+--------+------+----------+
2 rows in set (0.00 sec)


********************************************************************************************************************************************
//VERIFIED
